session_id,predicted_label
sess_00000,failing
sess_00001,progressing
sess_00002,looping
sess_00003,failing
sess_00004,progressing
sess_00005,drifting
sess_00006,failing
sess_00007,failing
sess_00008,failing
sess_00009,looping
sess_00010,failing
sess_00011,looping
sess_00012,progressing
sess_00013,drifting
sess_00014,progressing
sess_00015,looping
sess_00016,progressing
sess_00017,failing
sess_00018,failing
sess_00019,failing
sess_00020,drifting
sess_00021,failing
sess_00022,progressing
sess_00023,looping
sess_00024,looping
sess_00025,failing
sess_00026,drifting
sess_00027,failing
sess_00028,looping
sess_00029,looping
sess_00030,progressing
sess_00031,looping
sess_00032,looping
sess_00033,progressing
sess_00034,progressing
sess_00035,progressing
sess_00036,looping
sess_00037,failing
sess_00038,failing
sess_00039,failing
sess_00040,progressing
sess_00041,looping
sess_00042,progressing
sess_00043,progressing
sess_00044,looping
sess_00045,failing
sess_00046,drifting
sess_00047,drifting
sess_00048,failing
sess_00049,looping
sess_00050,progressing
sess_00051,drifting
sess_00052,progressing
sess_00053,looping
sess_00054,drifting
sess_00055,drifting
sess_00056,drifting
sess_00057,failing
sess_00058,drifting
sess_00059,progressing
sess_00060,progressing
sess_00061,looping
sess_00062,looping
sess_00063,failing
sess_00064,progressing
sess_00065,progressing
sess_00066,progressing
sess_00067,looping
sess_00068,looping
sess_00069,looping
sess_00070,progressing
sess_00071,drifting
sess_00072,progressing
sess_00073,looping
sess_00074,looping
sess_00075,failing
sess_00076,progressing
sess_00077,progressing
sess_00078,failing
sess_00079,looping
sess_00080,looping
sess_00081,drifting
sess_00082,progressing
sess_00083,failing
sess_00084,looping
sess_00085,looping
sess_00086,looping
sess_00087,failing
sess_00088,failing
sess_00089,progressing
sess_00090,failing
sess_00091,progressing
sess_00092,failing
sess_00093,looping
sess_00094,looping
sess_00095,progressing
sess_00096,failing
sess_00097,progressing
sess_00098,failing
sess_00099,looping
sess_00100,progressing
sess_00101,progressing
sess_00102,failing
sess_00103,progressing
sess_00104,progressing
sess_00105,progressing
sess_00106,failing
sess_00107,looping
sess_00108,progressing
sess_00109,failing
sess_00110,failing
sess_00111,looping
sess_00112,failing
sess_00113,failing
sess_00114,failing
sess_00115,looping
sess_00116,looping
sess_00117,progressing
sess_00118,failing
sess_00119,failing
sess_00120,failing
sess_00121,progressing
sess_00122,progressing
sess_00123,drifting
sess_00124,drifting
sess_00125,progressing
sess_00126,progressing
sess_00127,failing
sess_00128,failing
sess_00129,drifting
sess_00130,failing
sess_00131,drifting
sess_00132,failing
sess_00133,looping
sess_00134,drifting
sess_00135,failing
sess_00136,drifting
sess_00137,drifting
sess_00138,progressing
sess_00139,progressing
sess_00140,looping
sess_00141,failing
sess_00142,progressing
sess_00143,failing
sess_00144,failing
sess_00145,drifting
sess_00146,looping
sess_00147,failing
sess_00148,drifting
sess_00149,drifting
sess_00150,failing
sess_00151,failing
sess_00152,failing
sess_00153,drifting
sess_00154,drifting
sess_00155,progressing
sess_00156,looping
sess_00157,drifting
sess_00158,looping
sess_00159,failing
sess_00160,drifting
sess_00161,progressing
sess_00162,progressing
sess_00163,failing
sess_00164,looping
sess_00165,drifting
sess_00166,drifting
sess_00167,progressing
sess_00168,progressing
sess_00169,drifting
sess_00170,failing
sess_00171,drifting
sess_00172,progressing
sess_00173,progressing
sess_00174,failing
sess_00175,drifting
sess_00176,drifting
sess_00177,failing
sess_00178,progressing
sess_00179,progressing
sess_00180,looping
sess_00181,progressing
sess_00182,progressing
sess_00183,looping
sess_00184,failing
sess_00185,failing
sess_00186,progressing
sess_00187,looping
sess_00188,looping
sess_00189,progressing
sess_00190,drifting
sess_00191,looping
sess_00192,drifting
sess_00193,failing
sess_00194,looping
sess_00195,failing
sess_00196,progressing
sess_00197,looping
sess_00198,progressing
sess_00199,progressing
sess_00200,looping
sess_00201,drifting
sess_00202,failing
sess_00203,failing
sess_00204,looping
sess_00205,progressing
sess_00206,drifting
sess_00207,progressing
sess_00208,drifting
sess_00209,progressing
sess_00210,progressing
sess_00211,progressing
sess_00212,drifting
sess_00213,failing
sess_00214,failing
sess_00215,drifting
sess_00216,looping
sess_00217,progressing
sess_00218,drifting
sess_00219,failing
sess_00220,failing
sess_00221,progressing
sess_00222,failing
sess_00223,progressing
sess_00224,progressing
sess_00225,progressing
sess_00226,looping
sess_00227,failing
sess_00228,looping
sess_00229,drifting
sess_00230,progressing
sess_00231,progressing
sess_00232,progressing
sess_00233,looping
sess_00234,failing
sess_00235,looping
sess_00236,progressing
sess_00237,drifting
sess_00238,progressing
sess_00239,failing
sess_00240,drifting
sess_00241,drifting
sess_00242,progressing
sess_00243,looping
sess_00244,failing
sess_00245,progressing
sess_00246,failing
sess_00247,looping
sess_00248,looping
sess_00249,progressing
sess_00250,drifting
sess_00251,failing
sess_00252,progressing
sess_00253,failing
sess_00254,failing
sess_00255,progressing
sess_00256,looping
sess_00257,progressing
sess_00258,failing
sess_00259,drifting
sess_00260,drifting
sess_00261,failing
sess_00262,drifting
sess_00263,drifting
sess_00264,failing
sess_00265,drifting
sess_00266,progressing
sess_00267,drifting
sess_00268,failing
sess_00269,drifting
sess_00270,failing
sess_00271,drifting
sess_00272,progressing
sess_00273,progressing
sess_00274,looping
sess_00275,progressing
sess_00276,progressing
sess_00277,progressing
sess_00278,failing
sess_00279,failing
sess_00280,drifting
sess_00281,failing
sess_00282,progressing
sess_00283,progressing
sess_00284,drifting
sess_00285,looping
sess_00286,drifting
sess_00287,failing
sess_00288,drifting
sess_00289,progressing
sess_00290,failing
sess_00291,looping
sess_00292,progressing
sess_00293,drifting
sess_00294,looping
sess_00295,looping
sess_00296,progressing
sess_00297,drifting
sess_00298,progressing
sess_00299,progressing
sess_00300,looping
sess_00301,progressing
sess_00302,progressing
sess_00303,progressing
sess_00304,looping
sess_00305,failing
sess_00306,progressing
sess_00307,failing
sess_00308,failing
sess_00309,drifting
sess_00310,failing
sess_00311,drifting
sess_00312,drifting
sess_00313,looping
sess_00314,failing
sess_00315,progressing
sess_00316,looping
sess_00317,drifting
sess_00318,failing
sess_00319,looping
sess_00320,looping
sess_00321,drifting
sess_00322,progressing
sess_00323,progressing
sess_00324,failing
sess_00325,drifting
sess_00326,failing
sess_00327,progressing
sess_00328,failing
sess_00329,looping
sess_00330,looping
sess_00331,failing
sess_00332,progressing
sess_00333,progressing
sess_00334,looping
sess_00335,progressing
sess_00336,looping
sess_00337,drifting
sess_00338,progressing
sess_00339,progressing
sess_00340,progressing
sess_00341,looping
sess_00342,progressing
sess_00343,progressing
sess_00344,failing
sess_00345,failing
sess_00346,progressing
sess_00347,progressing
sess_00348,failing
sess_00349,looping
sess_00350,looping
sess_00351,looping
sess_00352,looping
sess_00353,failing
sess_00354,looping
sess_00355,failing
sess_00356,looping
sess_00357,failing
sess_00358,progressing
sess_00359,failing
sess_00360,failing
sess_00361,progressing
sess_00362,progressing
sess_00363,progressing
sess_00364,progressing
sess_00365,failing
sess_00366,progressing
sess_00367,failing
sess_00368,failing
sess_00369,failing
sess_00370,failing
sess_00371,failing
sess_00372,drifting
sess_00373,progressing
sess_00374,progressing
sess_00375,looping
sess_00376,failing
sess_00377,progressing
sess_00378,drifting
sess_00379,failing
sess_00380,drifting
sess_00381,failing
sess_00382,failing
sess_00383,looping
sess_00384,failing
sess_00385,looping
sess_00386,progressing
sess_00387,failing
sess_00388,drifting
sess_00389,drifting
sess_00390,failing
sess_00391,progressing
sess_00392,drifting
sess_00393,progressing
sess_00394,progressing
sess_00395,looping
sess_00396,progressing
sess_00397,failing
sess_00398,progressing
sess_00399,progressing
